--
-- PostgreSQL database dump
--

-- Dumped from database version 16.9 (Debian 16.9-1.pgdg120+1)
-- Dumped by pg_dump version 17.4

-- Started on 2025-06-15 19:33:01

SET statement_timeout = 0;
SET lock_timeout = 0;
SET idle_in_transaction_session_timeout = 0;
SET transaction_timeout = 0;
SET client_encoding = 'UTF8';
SET standard_conforming_strings = on;
SELECT pg_catalog.set_config('search_path', '', false);
SET check_function_bodies = false;
SET xmloption = content;
SET client_min_messages = warning;
SET row_security = off;

--
-- TOC entry 3399 (class 1262 OID 16389)
-- Name: gestortorneofutbol; Type: DATABASE; Schema: -; Owner: gestortorneofutbol_user
--

CREATE DATABASE gestortorneofutbol WITH TEMPLATE = template0 ENCODING = 'UTF8' LOCALE_PROVIDER = libc LOCALE = 'en_US.UTF8';


ALTER DATABASE gestortorneofutbol OWNER TO gestortorneofutbol_user;

\connect gestortorneofutbol

SET statement_timeout = 0;
SET lock_timeout = 0;
SET idle_in_transaction_session_timeout = 0;
SET transaction_timeout = 0;
SET client_encoding = 'UTF8';
SET standard_conforming_strings = on;
SELECT pg_catalog.set_config('search_path', '', false);
SET check_function_bodies = false;
SET xmloption = content;
SET client_min_messages = warning;
SET row_security = off;

--
-- TOC entry 3400 (class 0 OID 0)
-- Name: gestortorneofutbol; Type: DATABASE PROPERTIES; Schema: -; Owner: gestortorneofutbol_user
--

ALTER DATABASE gestortorneofutbol SET "TimeZone" TO 'utc';


\connect gestortorneofutbol

SET statement_timeout = 0;
SET lock_timeout = 0;
SET idle_in_transaction_session_timeout = 0;
SET transaction_timeout = 0;
SET client_encoding = 'UTF8';
SET standard_conforming_strings = on;
SELECT pg_catalog.set_config('search_path', '', false);
SET check_function_bodies = false;
SET xmloption = content;
SET client_min_messages = warning;
SET row_security = off;

--
-- TOC entry 5 (class 2615 OID 2200)
-- Name: public; Type: SCHEMA; Schema: -; Owner: gestortorneofutbol_user
--

CREATE SCHEMA public;


ALTER SCHEMA public OWNER TO gestortorneofutbol_user;

--
-- TOC entry 3401 (class 0 OID 0)
-- Dependencies: 5
-- Name: SCHEMA public; Type: COMMENT; Schema: -; Owner: gestortorneofutbol_user
--

COMMENT ON SCHEMA public IS 'standard public schema';


SET default_tablespace = '';

SET default_table_access_method = heap;

--
-- TOC entry 216 (class 1259 OID 16422)
-- Name: equipos; Type: TABLE; Schema: public; Owner: gestortorneofutbol_user
--

CREATE TABLE public.equipos (
    idequipo integer NOT NULL,
    nombre character varying(255) NOT NULL,
    pais character varying(100) NOT NULL,
    escudo character varying(255) NOT NULL,
    fundacion integer NOT NULL
);


ALTER TABLE public.equipos OWNER TO gestortorneofutbol_user;

--
-- TOC entry 215 (class 1259 OID 16421)
-- Name: equipos_idequipo_seq; Type: SEQUENCE; Schema: public; Owner: gestortorneofutbol_user
--

ALTER TABLE public.equipos ALTER COLUMN idequipo ADD GENERATED BY DEFAULT AS IDENTITY (
    SEQUENCE NAME public.equipos_idequipo_seq
    START WITH 1
    INCREMENT BY 1
    NO MINVALUE
    NO MAXVALUE
    CACHE 1
);


--
-- TOC entry 218 (class 1259 OID 16430)
-- Name: jugadores; Type: TABLE; Schema: public; Owner: gestortorneofutbol_user
--

CREATE TABLE public.jugadores (
    idjugador integer NOT NULL,
    nombre character varying(50) NOT NULL,
    apellido character varying(50) NOT NULL,
    posicion character varying(30) NOT NULL,
    edad integer NOT NULL,
    fincontrato date NOT NULL,
    idequipo integer
);


ALTER TABLE public.jugadores OWNER TO gestortorneofutbol_user;

--
-- TOC entry 217 (class 1259 OID 16429)
-- Name: jugadores_idjugador_seq; Type: SEQUENCE; Schema: public; Owner: gestortorneofutbol_user
--

ALTER TABLE public.jugadores ALTER COLUMN idjugador ADD GENERATED BY DEFAULT AS IDENTITY (
    SEQUENCE NAME public.jugadores_idjugador_seq
    START WITH 1
    INCREMENT BY 1
    NO MINVALUE
    NO MAXVALUE
    CACHE 1
);


--
-- TOC entry 220 (class 1259 OID 16442)
-- Name: partidos; Type: TABLE; Schema: public; Owner: gestortorneofutbol_user
--

CREATE TABLE public.partidos (
    idpartido integer NOT NULL,
    fechahora timestamp(0) without time zone DEFAULT NULL::timestamp without time zone,
    idequipolocal integer,
    idequipovisitante integer,
    goleslocal integer,
    golesvisitante integer,
    estado character varying(30) DEFAULT NULL::character varying,
    jornada integer,
    CONSTRAINT partidos_estado_check CHECK (((estado)::text = ANY ((ARRAY['Programado'::character varying, 'En curso'::character varying, 'Finalizado'::character varying])::text[])))
);


ALTER TABLE public.partidos OWNER TO gestortorneofutbol_user;

--
-- TOC entry 219 (class 1259 OID 16441)
-- Name: partidos_idpartido_seq; Type: SEQUENCE; Schema: public; Owner: gestortorneofutbol_user
--

ALTER TABLE public.partidos ALTER COLUMN idpartido ADD GENERATED BY DEFAULT AS IDENTITY (
    SEQUENCE NAME public.partidos_idpartido_seq
    START WITH 1
    INCREMENT BY 1
    NO MINVALUE
    NO MAXVALUE
    CACHE 1
);


--
-- TOC entry 222 (class 1259 OID 16463)
-- Name: users; Type: TABLE; Schema: public; Owner: gestortorneofutbol_user
--

CREATE TABLE public.users (
    id integer NOT NULL,
    nombre character varying(30) NOT NULL,
    email character varying(50) NOT NULL,
    contrasena character varying(60) NOT NULL,
    rol character varying(15) DEFAULT 'user'::character varying NOT NULL,
    imagen_perfil character varying(255) DEFAULT NULL::character varying
);


ALTER TABLE public.users OWNER TO gestortorneofutbol_user;

--
-- TOC entry 221 (class 1259 OID 16462)
-- Name: users_id_seq; Type: SEQUENCE; Schema: public; Owner: gestortorneofutbol_user
--

ALTER TABLE public.users ALTER COLUMN id ADD GENERATED BY DEFAULT AS IDENTITY (
    SEQUENCE NAME public.users_id_seq
    START WITH 1
    INCREMENT BY 1
    NO MINVALUE
    NO MAXVALUE
    CACHE 1
);


--
-- TOC entry 3387 (class 0 OID 16422)
-- Dependencies: 216
-- Data for Name: equipos; Type: TABLE DATA; Schema: public; Owner: gestortorneofutbol_user
--

INSERT INTO public.equipos VALUES (1, 'Sevilla Fútbol Club', 'España', 'https://i.imgur.com/OTY8bij.png', 1890);
INSERT INTO public.equipos VALUES (2, 'Fútbol Club Barcelona', 'España', 'https://i.imgur.com/ntEyIgQ.png', 1899);
INSERT INTO public.equipos VALUES (3, 'Athletic Club', 'España', 'https://i.imgur.com/VvtJS52.png', 1898);
INSERT INTO public.equipos VALUES (4, 'Atlético de Madrid', 'España', 'https://i.imgur.com/2X1HsST.png', 1903);
INSERT INTO public.equipos VALUES (5, 'Club Atlético Osasuna', 'España', 'https://i.imgur.com/WGe3xh4.png', 1920);
INSERT INTO public.equipos VALUES (6, 'Club Deportivo Leganés', 'España', 'https://i.imgur.com/5LnXFxZ.png', 1928);
INSERT INTO public.equipos VALUES (7, 'Deportivo Alavés', 'España', 'https://i.imgur.com/6DhEvxI.png', 1921);
INSERT INTO public.equipos VALUES (8, 'Getafe Club de Fútbol', 'España', 'https://i.imgur.com/OZ7xcB2.png', 1983);
INSERT INTO public.equipos VALUES (9, 'Girona Fútbol Club', 'España', 'https://i.imgur.com/YJ6v21B.png', 1930);
INSERT INTO public.equipos VALUES (10, 'Rayo Vallecano', 'España', 'https://i.imgur.com/OLF8bkA.png', 1924);
INSERT INTO public.equipos VALUES (11, 'Real Club Celta de Vigo', 'España', 'https://i.imgur.com/2Pbuun6.png', 1923);
INSERT INTO public.equipos VALUES (12, 'RCD Espanyol de Barcelona', 'España', 'https://i.imgur.com/MprmiPT.png', 1900);
INSERT INTO public.equipos VALUES (13, 'Real Club Deportivo Mallorca', 'España', 'https://i.imgur.com/QI9KvBN.png', 1916);
INSERT INTO public.equipos VALUES (14, 'Real Betis Balonpié', 'España', 'https://i.imgur.com/LAYWqUO.png', 1907);
INSERT INTO public.equipos VALUES (15, 'Real Madrid Club de Fútbol', 'España', 'https://i.imgur.com/OnT3FyV.png', 1902);
INSERT INTO public.equipos VALUES (16, 'Real Sociedad de Fútbol', 'España', 'https://i.imgur.com/KfAzONG.png', 1909);
INSERT INTO public.equipos VALUES (17, 'Real Valladolid Club de Fútbol', 'España', 'https://i.imgur.com/jpLbptF.png', 1928);
INSERT INTO public.equipos VALUES (18, 'Unión Deportiva Las Palmas', 'España', 'https://i.imgur.com/bekjxg8.png', 1949);
INSERT INTO public.equipos VALUES (19, 'Valencia Club de Fútbol', 'España', 'https://i.imgur.com/RZRHk0b.png', 1919);
INSERT INTO public.equipos VALUES (20, 'Villarreal Club de Fútbol', 'España', 'https://i.imgur.com/kbyqcxb.png', 1923);


--
-- TOC entry 3389 (class 0 OID 16430)
-- Dependencies: 218
-- Data for Name: jugadores; Type: TABLE DATA; Schema: public; Owner: gestortorneofutbol_user
--

INSERT INTO public.jugadores VALUES (11, 'Ørjan', 'Nyland', 'Portero', 34, '2025-06-30', 1);
INSERT INTO public.jugadores VALUES (12, 'Loïc', 'Badé', 'Defensa', 25, '2027-06-30', 1);
INSERT INTO public.jugadores VALUES (13, 'Saúl', 'Ñíguez', 'Mediocentro', 30, '2026-06-30', 1);
INSERT INTO public.jugadores VALUES (14, 'Isaac', 'Romero', 'Delantero', 24, '2025-06-30', 1);
INSERT INTO public.jugadores VALUES (15, 'Dodi', 'Lukebakio', 'Delantero', 27, '2028-06-30', 1);
INSERT INTO public.jugadores VALUES (16, 'Marc-André', 'ter Stegen', 'Portero', 33, '2028-06-30', 2);
INSERT INTO public.jugadores VALUES (17, 'Ronald', 'Araújo', 'Defensa', 26, '2026-06-30', 2);
INSERT INTO public.jugadores VALUES (18, 'Frenkie', 'de Jong', 'Mediocentro', 28, '2026-06-30', 2);
INSERT INTO public.jugadores VALUES (19, 'Pedri', 'González', 'Mediocentro', 22, '2026-06-30', 2);
INSERT INTO public.jugadores VALUES (20, 'Robert', 'Lewandowski', 'Delantero', 36, '2026-06-30', 2);
INSERT INTO public.jugadores VALUES (21, 'Unai', 'Simón', 'Portero', 27, '2025-06-30', 3);
INSERT INTO public.jugadores VALUES (22, 'Dani', 'Vivian', 'Defensa', 25, '2026-06-30', 3);
INSERT INTO public.jugadores VALUES (23, 'Iñigo', 'Ruiz de Galarreta', 'Mediocentro', 30, '2025-06-30', 3);
INSERT INTO public.jugadores VALUES (24, 'Nico', 'Williams', 'Delantero', 22, '2027-06-30', 3);
INSERT INTO public.jugadores VALUES (25, 'Iñaki', 'Williams', 'Delantero', 30, '2028-06-30', 3);
INSERT INTO public.jugadores VALUES (26, 'Jan', 'Oblak', 'Portero', 31, '2026-06-30', 4);
INSERT INTO public.jugadores VALUES (27, 'José María', 'Giménez', 'Defensa', 29, '2028-06-30', 4);
INSERT INTO public.jugadores VALUES (28, 'Koke', 'Resurrección', 'Mediocentro', 31, '2026-06-30', 4);
INSERT INTO public.jugadores VALUES (29, 'Giuliano', 'Simeone', 'Delantero', 23, '2027-06-30', 4);
INSERT INTO public.jugadores VALUES (30, 'Antoine', 'Griezmann', 'Delantero', 32, '2026-06-30', 4);
INSERT INTO public.jugadores VALUES (31, 'Sergio', 'Herrera', 'Portero', 33, '2026-06-30', 5);
INSERT INTO public.jugadores VALUES (32, 'Jesús', 'Areso', 'Defensa', 25, '2027-06-30', 5);
INSERT INTO public.jugadores VALUES (33, 'Aimar', 'Oroz', 'Mediocentro', 24, '2025-06-30', 5);
INSERT INTO public.jugadores VALUES (34, 'Alejandro', 'Catena', 'Defensa', 31, '2025-06-30', 5);
INSERT INTO public.jugadores VALUES (35, 'Abel', 'Bretones', 'Delantero', 26, '2026-06-30', 5);
INSERT INTO public.jugadores VALUES (36, 'Renato', 'Tapia', 'Mediocentro', 29, '2025-06-30', 6);
INSERT INTO public.jugadores VALUES (37, 'Dani', 'Raba', 'Delantero', 31, '2025-06-30', 6);
INSERT INTO public.jugadores VALUES (38, 'Juan', 'Cruz', 'Defensa', 31, '2026-06-30', 6);
INSERT INTO public.jugadores VALUES (39, 'Óscar', 'Rodríguez', 'Delantero', 27, '2026-06-30', 6);
INSERT INTO public.jugadores VALUES (40, 'Valentín', 'Rosier', 'Defensa', 27, '2025-06-30', 6);
INSERT INTO public.jugadores VALUES (41, 'Antonio', 'Sivera', 'Portero', 28, '2027-06-30', 7);
INSERT INTO public.jugadores VALUES (42, 'Abdel', 'Abqar', 'Defensa', 26, '2025-06-30', 7);
INSERT INTO public.jugadores VALUES (43, 'Nahuel', 'Tenaglia', 'Defensa', 29, '2027-06-30', 7);
INSERT INTO public.jugadores VALUES (44, 'Antonio', 'Blanco', 'Mediocentro', 24, '2027-06-30', 7);
INSERT INTO public.jugadores VALUES (45, 'Carlos', 'Vicente', 'Delantero', 23, '2025-06-30', 7);
INSERT INTO public.jugadores VALUES (46, 'David', 'Soria', 'Portero', 32, '2026-06-30', 8);
INSERT INTO public.jugadores VALUES (47, 'Luis', 'Milla', 'Mediocentro', 29, '2026-06-30', 8);
INSERT INTO public.jugadores VALUES (48, 'Omar', 'Alderete', 'Defensa', 28, '2028-06-30', 8);
INSERT INTO public.jugadores VALUES (49, 'Mauro', 'Arambarri', 'Mediocentro', 29, '2028-06-30', 8);
INSERT INTO public.jugadores VALUES (50, 'Borja', 'Mayoral', 'Delantero', 28, '2027-06-30', 8);
INSERT INTO public.jugadores VALUES (51, 'Paulo', 'Gazzaniga', 'Portero', 32, '2027-06-30', 9);
INSERT INTO public.jugadores VALUES (52, 'Daley', 'Blind', 'Defensa', 34, '2026-06-30', 9);
INSERT INTO public.jugadores VALUES (53, 'Miguel', 'Gutiérrez', 'Defensa', 23, '2027-06-30', 9);
INSERT INTO public.jugadores VALUES (54, 'Cristian', 'Portugés', 'Delantero', 32, '2026-06-30', 9);
INSERT INTO public.jugadores VALUES (55, 'Cristhian', 'Stuani', 'Delantero', 37, '2025-06-30', 9);
INSERT INTO public.jugadores VALUES (56, 'Augusto', 'Batalla', 'Portero', 28, '2028-06-30', 10);
INSERT INTO public.jugadores VALUES (57, 'Gerard', 'Gumbau', 'Mediocentro', 30, '2025-06-30', 10);
INSERT INTO public.jugadores VALUES (58, 'Pedro', 'Díaz', 'Mediocentro', 27, '2027-06-30', 10);
INSERT INTO public.jugadores VALUES (59, 'Andrei', 'Ratiu', 'Defensa', 26, '2028-06-30', 10);
INSERT INTO public.jugadores VALUES (60, 'Óscar', 'Trejo', 'Mediocentro', 37, '2025-06-30', 10);
INSERT INTO public.jugadores VALUES (61, 'Iván', 'Villar', 'Portero', 26, '2026-06-30', 11);
INSERT INTO public.jugadores VALUES (62, 'Óscar', 'Mingueza', 'Defensa', 25, '2027-06-30', 11);
INSERT INTO public.jugadores VALUES (63, 'Marcos', 'Alonso', 'Defensa', 33, '2025-06-30', 11);
INSERT INTO public.jugadores VALUES (64, 'Borja', 'Iglesias', 'Delantero', 31, '2025-06-30', 11);
INSERT INTO public.jugadores VALUES (65, 'Iago', 'Aspas', 'Delantero', 36, '2025-06-30', 11);
INSERT INTO public.jugadores VALUES (66, 'Joan', 'García', 'Portero', 24, '2028-06-30', 12);
INSERT INTO public.jugadores VALUES (67, 'Omar', 'El Hilali', 'Defensa', 21, '2027-06-30', 12);
INSERT INTO public.jugadores VALUES (68, 'Álex', 'Král', 'Mediocentro', 27, '2025-06-30', 12);
INSERT INTO public.jugadores VALUES (69, 'Roberto', 'Fernández', 'Delantero', 22, '2028-06-30', 12);
INSERT INTO public.jugadores VALUES (70, 'Javi', 'Puado', 'Delantero', 27, '2025-06-30', 12);
INSERT INTO public.jugadores VALUES (71, 'Leo', 'Román', 'Portero', 23, '2026-06-30', 13);
INSERT INTO public.jugadores VALUES (72, 'Antonio', 'Raíllo', 'Defensa', 36, '2026-06-30', 13);
INSERT INTO public.jugadores VALUES (73, 'Vedat', 'Muriqi', 'Delantero', 29, '2026-06-30', 13);
INSERT INTO public.jugadores VALUES (74, 'Sergi', 'Darder', 'Mediocentro', 30, '2025-06-30', 13);
INSERT INTO public.jugadores VALUES (75, 'Samu', 'Costa', 'Mediocentro', 28, '2025-06-30', 13);
INSERT INTO public.jugadores VALUES (76, 'Adrián', 'San Miguel', 'Portero', 35, '2025-06-30', 14);
INSERT INTO public.jugadores VALUES (77, 'Isco', 'Alarcón', 'Mediocentro', 31, '2026-06-30', 14);
INSERT INTO public.jugadores VALUES (78, 'Jesús', 'Rodríguez', 'Delantero', 23, '2025-06-30', 14);
INSERT INTO public.jugadores VALUES (79, 'Abde', 'Ezzalzouli', 'Delantero', 23, '2026-06-30', 14);
INSERT INTO public.jugadores VALUES (80, 'Johnny', 'Cardoso', 'Mediocentro', 23, '2027-06-30', 14);
INSERT INTO public.jugadores VALUES (81, 'Thibaut', 'Courtois', 'Portero', 31, '2026-06-30', 15);
INSERT INTO public.jugadores VALUES (82, 'Éder', 'Militão', 'Defensa', 26, '2028-06-30', 15);
INSERT INTO public.jugadores VALUES (83, 'Luka', 'Modrić', 'Mediocentro', 38, '2025-06-30', 15);
INSERT INTO public.jugadores VALUES (84, 'Vinícius', 'Júnior', 'Delantero', 24, '2027-06-30', 15);
INSERT INTO public.jugadores VALUES (85, 'Rodrygo', 'Goes', 'Delantero', 23, '2027-06-30', 15);
INSERT INTO public.jugadores VALUES (86, 'Alex', 'Remiro', 'Portero', 28, '2027-06-30', 16);
INSERT INTO public.jugadores VALUES (87, 'Aihen', 'Muñoz', 'Defensa', 27, '2025-06-30', 16);
INSERT INTO public.jugadores VALUES (88, 'Nayef', 'Aguerd', 'Defensa', 28, '2027-06-30', 16);
INSERT INTO public.jugadores VALUES (89, 'Jon', 'Aramburu', 'Defensa', 24, '2026-06-30', 16);
INSERT INTO public.jugadores VALUES (90, 'Takefusa', 'Kubo', 'Delantero', 24, '2027-06-30', 16);
INSERT INTO public.jugadores VALUES (91, 'Karl', 'Hein', 'Portero', 22, '2027-06-30', 17);
INSERT INTO public.jugadores VALUES (92, 'Juanmi', 'Latasa', 'Delantero', 22, '2026-06-30', 17);
INSERT INTO public.jugadores VALUES (93, 'Raúl', 'Moro', 'Delantero', 20, '2026-06-30', 17);
INSERT INTO public.jugadores VALUES (94, 'Darwin', 'Machís', 'Delantero', 32, '2025-06-30', 17);
INSERT INTO public.jugadores VALUES (95, 'David', 'Torres', 'Defensa', 27, '2027-06-30', 17);
INSERT INTO public.jugadores VALUES (96, 'Jasper', 'Cillessen', 'Portero', 33, '2026-06-30', 18);
INSERT INTO public.jugadores VALUES (97, 'Alberto', 'Moleiro', 'Mediocentro', 21, '2027-06-30', 18);
INSERT INTO public.jugadores VALUES (98, 'Sandro', 'Ramírez', 'Delantero', 28, '2025-06-30', 18);
INSERT INTO public.jugadores VALUES (99, 'Fabio', 'Silva', 'Delantero', 23, '2027-06-30', 18);
INSERT INTO public.jugadores VALUES (100, 'Mika', 'Mármol', 'Defensa', 22, '2026-06-30', 18);
INSERT INTO public.jugadores VALUES (101, 'Giorgi', 'Marmardashvili', 'Portero', 22, '2027-06-30', 19);
INSERT INTO public.jugadores VALUES (102, 'Cristian', 'Mosquera', 'Defensa', 21, '2027-06-30', 19);
INSERT INTO public.jugadores VALUES (103, 'José', 'Gayà', 'Defensa', 28, '2027-06-30', 19);
INSERT INTO public.jugadores VALUES (104, 'Hugo', 'Duro', 'Delantero', 25, '2026-06-30', 19);
INSERT INTO public.jugadores VALUES (105, 'Luis', 'Rioja', 'Mediocentro', 24, '2027-06-30', 19);
INSERT INTO public.jugadores VALUES (106, 'Diego', 'Conde', 'Portero', 22, '2027-06-30', 20);
INSERT INTO public.jugadores VALUES (107, 'Álex', 'Baena', 'Mediocentro', 22, '2027-06-30', 20);
INSERT INTO public.jugadores VALUES (108, 'Ayoze', 'Pérez', 'Delantero', 31, '2026-06-30', 20);
INSERT INTO public.jugadores VALUES (109, 'Dani', 'Parejo', 'Mediocentro', 35, '2025-06-30', 20);
INSERT INTO public.jugadores VALUES (110, 'Juan', 'Foyth', 'Defensa', 26, '2027-06-30', 20);


--
-- TOC entry 3391 (class 0 OID 16442)
-- Dependencies: 220
-- Data for Name: partidos; Type: TABLE DATA; Schema: public; Owner: gestortorneofutbol_user
--

INSERT INTO public.partidos VALUES (24, '2024-08-15 22:00:00', 14, 9, 1, 1, 'Finalizado', 1);
INSERT INTO public.partidos VALUES (25, '2024-08-16 18:30:00', 11, 7, 2, 1, 'Finalizado', 1);
INSERT INTO public.partidos VALUES (26, '2024-08-16 21:00:00', 18, 1, 2, 2, 'Finalizado', 1);
INSERT INTO public.partidos VALUES (27, '2024-08-17 19:00:00', 5, 6, 1, 1, 'Finalizado', 1);
INSERT INTO public.partidos VALUES (28, '2024-08-17 21:30:00', 19, 2, 1, 2, 'Finalizado', 1);
INSERT INTO public.partidos VALUES (29, '2024-08-18 20:00:00', 16, 10, 1, 2, 'Finalizado', 1);
INSERT INTO public.partidos VALUES (30, '2024-08-18 22:00:00', 13, 15, 1, 1, 'Finalizado', 1);
INSERT INTO public.partidos VALUES (31, '2024-08-19 18:00:00', 17, 12, 1, 0, 'Finalizado', 1);
INSERT INTO public.partidos VALUES (32, '2024-08-19 20:30:00', 20, 4, 2, 2, 'Finalizado', 1);
INSERT INTO public.partidos VALUES (403, '2024-08-23 20:00:00', 11, 19, 3, 1, 'Finalizado', 2);
INSERT INTO public.partidos VALUES (404, '2024-08-23 22:00:00', 1, 20, 1, 2, 'Finalizado', 2);
INSERT INTO public.partidos VALUES (405, '2024-08-24 18:30:00', 5, 13, 1, 0, 'Finalizado', 2);
INSERT INTO public.partidos VALUES (406, '2024-08-24 21:00:00', 2, 3, 2, 1, 'Finalizado', 2);
INSERT INTO public.partidos VALUES (407, '2024-08-24 23:00:00', 8, 10, 0, 0, 'Finalizado', 2);
INSERT INTO public.partidos VALUES (408, '2024-08-25 18:00:00', 12, 16, 0, 1, 'Finalizado', 2);
INSERT INTO public.partidos VALUES (409, '2024-08-25 20:30:00', 15, 17, 3, 0, 'Finalizado', 2);
INSERT INTO public.partidos VALUES (410, '2024-08-25 22:30:00', 6, 18, 2, 1, 'Finalizado', 2);
INSERT INTO public.partidos VALUES (411, '2024-08-26 18:00:00', 7, 14, 0, 0, 'Finalizado', 2);
INSERT INTO public.partidos VALUES (412, '2024-08-26 20:30:00', 4, 9, 3, 0, 'Finalizado', 2);
INSERT INTO public.partidos VALUES (413, '2024-08-26 20:00:00', 20, 11, 4, 3, 'Finalizado', 3);
INSERT INTO public.partidos VALUES (414, '2024-08-27 18:00:00', 13, 1, 0, 0, 'Finalizado', 3);
INSERT INTO public.partidos VALUES (415, '2024-08-27 20:30:00', 10, 2, 1, 2, 'Finalizado', 3);
INSERT INTO public.partidos VALUES (416, '2024-08-28 19:00:00', 3, 19, 1, 0, 'Finalizado', 3);
INSERT INTO public.partidos VALUES (417, '2024-08-28 21:00:00', 17, 6, 0, 0, 'Finalizado', 3);
INSERT INTO public.partidos VALUES (418, '2024-08-29 18:00:00', 4, 12, 0, 0, 'Finalizado', 3);
INSERT INTO public.partidos VALUES (419, '2024-08-29 20:30:00', 16, 7, 1, 2, 'Finalizado', 3);
INSERT INTO public.partidos VALUES (420, '2024-08-30 19:00:00', 9, 5, 4, 0, 'Finalizado', 3);
INSERT INTO public.partidos VALUES (421, '2024-08-30 21:30:00', 18, 15, 1, 1, 'Finalizado', 3);
INSERT INTO public.partidos VALUES (422, '2024-08-31 19:00:00', 14, 8, 2, 1, 'Finalizado', 3);
INSERT INTO public.partidos VALUES (423, '2024-08-31 18:30:00', 2, 17, 7, 0, 'Finalizado', 4);
INSERT INTO public.partidos VALUES (424, '2024-08-31 21:00:00', 3, 4, 0, 1, 'Finalizado', 4);
INSERT INTO public.partidos VALUES (425, '2024-09-01 14:00:00', 12, 10, 2, 1, 'Finalizado', 4);
INSERT INTO public.partidos VALUES (426, '2024-09-01 16:15:00', 6, 13, 0, 1, 'Finalizado', 4);
INSERT INTO public.partidos VALUES (427, '2024-09-01 18:30:00', 19, 20, 1, 1, 'Finalizado', 4);
INSERT INTO public.partidos VALUES (428, '2024-09-01 21:00:00', 5, 11, 3, 2, 'Finalizado', 4);
INSERT INTO public.partidos VALUES (429, '2024-09-02 14:00:00', 7, 18, 2, 0, 'Finalizado', 4);
INSERT INTO public.partidos VALUES (430, '2024-09-02 16:15:00', 1, 9, 0, 2, 'Finalizado', 4);
INSERT INTO public.partidos VALUES (431, '2024-09-02 18:30:00', 8, 16, 0, 0, 'Finalizado', 4);
INSERT INTO public.partidos VALUES (432, '2024-09-02 21:00:00', 15, 14, 2, 0, 'Finalizado', 4);
INSERT INTO public.partidos VALUES (433, '2024-09-13 18:30:00', 14, 6, 2, 0, 'Finalizado', 5);
INSERT INTO public.partidos VALUES (434, '2024-09-13 21:00:00', 13, 20, 1, 2, 'Finalizado', 5);
INSERT INTO public.partidos VALUES (435, '2024-09-14 14:00:00', 12, 7, 3, 2, 'Finalizado', 5);
INSERT INTO public.partidos VALUES (436, '2024-09-14 16:15:00', 1, 8, 1, 0, 'Finalizado', 5);
INSERT INTO public.partidos VALUES (437, '2024-09-14 18:30:00', 16, 15, 0, 2, 'Finalizado', 5);
INSERT INTO public.partidos VALUES (438, '2024-09-14 21:00:00', 11, 17, 3, 1, 'Finalizado', 5);
INSERT INTO public.partidos VALUES (439, '2024-09-15 14:00:00', 9, 2, 1, 4, 'Finalizado', 5);
INSERT INTO public.partidos VALUES (440, '2024-09-15 16:15:00', 18, 3, 2, 3, 'Finalizado', 5);
INSERT INTO public.partidos VALUES (441, '2024-09-15 18:30:00', 4, 19, 3, 0, 'Finalizado', 5);
INSERT INTO public.partidos VALUES (442, '2024-09-15 21:00:00', 10, 5, 3, 1, 'Finalizado', 5);
INSERT INTO public.partidos VALUES (443, '2024-09-20 18:30:00', 7, 1, 2, 1, 'Finalizado', 6);
INSERT INTO public.partidos VALUES (444, '2024-09-20 21:00:00', 17, 16, 0, 0, 'Finalizado', 6);
INSERT INTO public.partidos VALUES (445, '2024-09-21 14:00:00', 5, 18, 2, 1, 'Finalizado', 6);
INSERT INTO public.partidos VALUES (446, '2024-09-21 16:15:00', 19, 9, 2, 0, 'Finalizado', 6);
INSERT INTO public.partidos VALUES (447, '2024-09-21 18:30:00', 15, 12, 4, 1, 'Finalizado', 6);
INSERT INTO public.partidos VALUES (448, '2024-09-21 21:00:00', 8, 6, 1, 1, 'Finalizado', 6);
INSERT INTO public.partidos VALUES (449, '2024-09-22 14:00:00', 3, 11, 3, 1, 'Finalizado', 6);
INSERT INTO public.partidos VALUES (450, '2024-09-22 16:15:00', 20, 2, 1, 5, 'Finalizado', 6);
INSERT INTO public.partidos VALUES (451, '2024-09-22 18:30:00', 10, 4, 1, 1, 'Finalizado', 6);
INSERT INTO public.partidos VALUES (452, '2024-09-22 21:00:00', 14, 13, 1, 2, 'Finalizado', 6);
INSERT INTO public.partidos VALUES (453, '2024-09-17 18:30:00', 13, 16, 1, 0, 'Finalizado', 7);
INSERT INTO public.partidos VALUES (454, '2024-09-17 21:00:00', 6, 3, 0, 2, 'Finalizado', 7);
INSERT INTO public.partidos VALUES (455, '2024-09-18 18:30:00', 1, 17, 2, 1, 'Finalizado', 7);
INSERT INTO public.partidos VALUES (456, '2024-09-18 21:00:00', 19, 5, 0, 0, 'Finalizado', 7);
INSERT INTO public.partidos VALUES (457, '2024-09-19 18:30:00', 15, 7, 3, 2, 'Finalizado', 7);
INSERT INTO public.partidos VALUES (458, '2024-09-19 21:00:00', 9, 10, 0, 0, 'Finalizado', 7);
INSERT INTO public.partidos VALUES (459, '2024-09-20 18:30:00', 2, 8, 1, 0, 'Finalizado', 7);
INSERT INTO public.partidos VALUES (460, '2024-09-20 21:00:00', 12, 20, 1, 2, 'Finalizado', 7);
INSERT INTO public.partidos VALUES (461, '2024-09-21 18:30:00', 18, 14, 1, 1, 'Finalizado', 7);
INSERT INTO public.partidos VALUES (462, '2024-09-21 21:00:00', 11, 4, 0, 1, 'Finalizado', 7);
INSERT INTO public.partidos VALUES (463, '2024-09-27 18:30:00', 17, 13, 1, 2, 'Finalizado', 8);
INSERT INTO public.partidos VALUES (464, '2024-09-27 21:00:00', 8, 7, 2, 0, 'Finalizado', 8);
INSERT INTO public.partidos VALUES (465, '2024-09-28 14:00:00', 10, 6, 1, 1, 'Finalizado', 8);
INSERT INTO public.partidos VALUES (466, '2024-09-28 16:15:00', 16, 19, 3, 0, 'Finalizado', 8);
INSERT INTO public.partidos VALUES (467, '2024-09-28 18:30:00', 5, 2, 4, 2, 'Finalizado', 8);
INSERT INTO public.partidos VALUES (468, '2024-09-28 21:00:00', 11, 9, 1, 1, 'Finalizado', 8);
INSERT INTO public.partidos VALUES (469, '2024-09-29 14:00:00', 3, 1, 1, 1, 'Finalizado', 8);
INSERT INTO public.partidos VALUES (470, '2024-09-29 16:15:00', 14, 12, 1, 0, 'Finalizado', 8);
INSERT INTO public.partidos VALUES (471, '2024-09-29 18:30:00', 4, 15, 1, 1, 'Finalizado', 8);
INSERT INTO public.partidos VALUES (472, '2024-09-30 21:00:00', 20, 18, 3, 1, 'Finalizado', 8);
INSERT INTO public.partidos VALUES (473, '2024-10-04 18:30:00', 6, 19, 0, 0, 'Finalizado', 9);
INSERT INTO public.partidos VALUES (474, '2024-10-04 21:00:00', 12, 13, 2, 1, 'Finalizado', 9);
INSERT INTO public.partidos VALUES (475, '2024-10-05 14:00:00', 8, 5, 1, 1, 'Finalizado', 9);
INSERT INTO public.partidos VALUES (476, '2024-10-05 16:15:00', 18, 11, 0, 1, 'Finalizado', 9);
INSERT INTO public.partidos VALUES (477, '2024-10-05 18:30:00', 17, 10, 1, 2, 'Finalizado', 9);
INSERT INTO public.partidos VALUES (478, '2024-10-05 21:00:00', 15, 20, 2, 0, 'Finalizado', 9);
INSERT INTO public.partidos VALUES (479, '2024-10-06 14:00:00', 9, 3, 2, 1, 'Finalizado', 9);
INSERT INTO public.partidos VALUES (480, '2024-10-06 16:15:00', 7, 2, 0, 3, 'Finalizado', 9);
INSERT INTO public.partidos VALUES (481, '2024-10-06 18:30:00', 1, 14, 1, 0, 'Finalizado', 9);
INSERT INTO public.partidos VALUES (482, '2024-10-06 21:00:00', 16, 4, 1, 1, 'Finalizado', 9);
INSERT INTO public.partidos VALUES (483, '2024-10-18 18:30:00', 7, 17, 2, 3, 'Finalizado', 10);
INSERT INTO public.partidos VALUES (484, '2024-10-18 21:00:00', 3, 12, 4, 1, 'Finalizado', 10);
INSERT INTO public.partidos VALUES (485, '2024-10-19 14:00:00', 5, 14, 1, 2, 'Finalizado', 10);
INSERT INTO public.partidos VALUES (486, '2024-10-19 16:15:00', 9, 16, 0, 1, 'Finalizado', 10);
INSERT INTO public.partidos VALUES (487, '2024-10-19 18:30:00', 11, 15, 1, 2, 'Finalizado', 10);
INSERT INTO public.partidos VALUES (488, '2024-10-19 21:00:00', 13, 10, 1, 0, 'Finalizado', 10);
INSERT INTO public.partidos VALUES (489, '2024-10-20 14:00:00', 4, 6, 3, 1, 'Finalizado', 10);
INSERT INTO public.partidos VALUES (490, '2024-10-20 16:15:00', 20, 8, 1, 1, 'Finalizado', 10);
INSERT INTO public.partidos VALUES (491, '2024-10-20 18:30:00', 2, 1, 5, 1, 'Finalizado', 10);
INSERT INTO public.partidos VALUES (492, '2024-10-21 21:00:00', 19, 18, 2, 3, 'Finalizado', 10);
INSERT INTO public.partidos VALUES (493, '2024-10-25 18:30:00', 12, 1, 0, 2, 'Finalizado', 11);
INSERT INTO public.partidos VALUES (494, '2024-10-25 21:00:00', 17, 20, 1, 2, 'Finalizado', 11);
INSERT INTO public.partidos VALUES (495, '2024-10-26 14:00:00', 10, 7, 1, 0, 'Finalizado', 11);
INSERT INTO public.partidos VALUES (496, '2024-10-26 16:15:00', 18, 9, 1, 0, 'Finalizado', 11);
INSERT INTO public.partidos VALUES (497, '2024-10-26 18:30:00', 15, 2, 0, 4, 'Finalizado', 11);
INSERT INTO public.partidos VALUES (498, '2024-10-26 21:00:00', 6, 11, 3, 0, 'Finalizado', 11);
INSERT INTO public.partidos VALUES (499, '2024-10-27 14:00:00', 8, 19, 1, 1, 'Finalizado', 11);
INSERT INTO public.partidos VALUES (500, '2024-10-27 16:15:00', 14, 4, 1, 0, 'Finalizado', 11);
INSERT INTO public.partidos VALUES (501, '2024-10-27 18:30:00', 16, 5, 0, 2, 'Finalizado', 11);
INSERT INTO public.partidos VALUES (502, '2024-10-28 21:00:00', 13, 3, 0, 0, 'Finalizado', 11);
INSERT INTO public.partidos VALUES (503, '2024-11-01 18:30:00', 7, 13, 1, 0, 'Finalizado', 12);
INSERT INTO public.partidos VALUES (504, '2024-11-01 21:00:00', 5, 17, 1, 0, 'Finalizado', 12);
INSERT INTO public.partidos VALUES (505, '2024-11-02 14:00:00', 9, 6, 4, 3, 'Finalizado', 12);
INSERT INTO public.partidos VALUES (506, '2024-11-02 16:15:00', 4, 18, 2, 0, 'Finalizado', 12);
INSERT INTO public.partidos VALUES (507, '2024-11-02 18:30:00', 2, 12, 3, 1, 'Finalizado', 12);
INSERT INTO public.partidos VALUES (508, '2024-11-02 21:00:00', 1, 16, 0, 2, 'Finalizado', 12);
INSERT INTO public.partidos VALUES (509, '2024-11-03 14:00:00', 3, 14, 1, 1, 'Finalizado', 12);
INSERT INTO public.partidos VALUES (510, '2024-11-03 16:15:00', 11, 8, 1, 0, 'Finalizado', 12);
INSERT INTO public.partidos VALUES (511, '2024-11-03 18:30:00', 20, 10, 1, 1, 'Finalizado', 12);
INSERT INTO public.partidos VALUES (512, '2024-11-03 21:00:00', 19, 15, 1, 2, 'Finalizado', 12);
INSERT INTO public.partidos VALUES (513, '2024-11-08 18:30:00', 10, 18, 1, 3, 'Finalizado', 13);
INSERT INTO public.partidos VALUES (514, '2024-11-08 21:00:00', 15, 5, 4, 0, 'Finalizado', 13);
INSERT INTO public.partidos VALUES (515, '2024-11-09 16:00:00', 20, 7, 3, 0, 'Finalizado', 13);
INSERT INTO public.partidos VALUES (516, '2024-11-09 18:30:00', 6, 1, 1, 0, 'Finalizado', 13);
INSERT INTO public.partidos VALUES (517, '2024-11-09 21:00:00', 14, 11, 2, 2, 'Finalizado', 13);
INSERT INTO public.partidos VALUES (518, '2024-11-10 14:00:00', 13, 4, 0, 1, 'Finalizado', 13);
INSERT INTO public.partidos VALUES (519, '2024-11-10 16:15:00', 8, 9, 0, 1, 'Finalizado', 13);
INSERT INTO public.partidos VALUES (520, '2024-11-10 18:30:00', 17, 3, 1, 1, 'Finalizado', 13);
INSERT INTO public.partidos VALUES (521, '2024-11-10 21:00:00', 16, 2, 1, 0, 'Finalizado', 13);
INSERT INTO public.partidos VALUES (522, '2024-11-11 18:30:00', 12, 19, 1, 1, 'Finalizado', 13);
INSERT INTO public.partidos VALUES (523, '2024-11-22 18:30:00', 8, 17, 2, 0, 'Finalizado', 14);
INSERT INTO public.partidos VALUES (524, '2024-11-22 21:00:00', 19, 14, 4, 2, 'Finalizado', 14);
INSERT INTO public.partidos VALUES (525, '2024-11-23 16:15:00', 4, 7, 2, 1, 'Finalizado', 14);
INSERT INTO public.partidos VALUES (526, '2024-11-23 18:30:00', 18, 13, 2, 3, 'Finalizado', 14);
INSERT INTO public.partidos VALUES (527, '2024-11-23 21:00:00', 9, 12, 4, 1, 'Finalizado', 14);
INSERT INTO public.partidos VALUES (528, '2024-11-24 14:00:00', 11, 2, 2, 2, 'Finalizado', 14);
INSERT INTO public.partidos VALUES (529, '2024-11-24 16:15:00', 5, 20, 2, 2, 'Finalizado', 14);
INSERT INTO public.partidos VALUES (530, '2024-11-24 18:30:00', 1, 10, 1, 0, 'Finalizado', 14);
INSERT INTO public.partidos VALUES (531, '2024-11-24 21:00:00', 6, 15, 0, 3, 'Finalizado', 14);
INSERT INTO public.partidos VALUES (532, '2024-11-25 14:00:00', 3, 16, 1, 0, 'Finalizado', 14);
INSERT INTO public.partidos VALUES (533, '2024-11-29 18:30:00', 13, 19, 2, 1, 'Finalizado', 15);
INSERT INTO public.partidos VALUES (534, '2024-11-29 21:00:00', 2, 18, 1, 2, 'Finalizado', 15);
INSERT INTO public.partidos VALUES (535, '2024-11-30 16:00:00', 7, 6, 1, 1, 'Finalizado', 15);
INSERT INTO public.partidos VALUES (536, '2024-11-30 18:30:00', 12, 11, 3, 1, 'Finalizado', 15);
INSERT INTO public.partidos VALUES (537, '2024-11-30 21:00:00', 17, 4, 0, 5, 'Finalizado', 15);
INSERT INTO public.partidos VALUES (538, '2024-12-01 14:00:00', 20, 9, 2, 2, 'Finalizado', 15);
INSERT INTO public.partidos VALUES (539, '2024-12-01 16:15:00', 15, 8, 2, 0, 'Finalizado', 15);
INSERT INTO public.partidos VALUES (540, '2024-12-01 18:30:00', 10, 3, 1, 2, 'Finalizado', 15);
INSERT INTO public.partidos VALUES (541, '2024-12-01 21:00:00', 16, 14, 2, 0, 'Finalizado', 15);
INSERT INTO public.partidos VALUES (542, '2024-12-02 18:30:00', 1, 5, 1, 1, 'Finalizado', 15);
INSERT INTO public.partidos VALUES (543, '2024-12-06 18:30:00', 11, 13, 2, 0, 'Finalizado', 16);
INSERT INTO public.partidos VALUES (544, '2024-12-06 21:00:00', 18, 17, 2, 1, 'Finalizado', 16);
INSERT INTO public.partidos VALUES (545, '2024-12-07 16:15:00', 14, 2, 2, 2, 'Finalizado', 16);
INSERT INTO public.partidos VALUES (546, '2024-12-07 18:30:00', 19, 10, 0, 1, 'Finalizado', 16);
INSERT INTO public.partidos VALUES (547, '2024-12-07 21:00:00', 9, 15, 0, 3, 'Finalizado', 16);
INSERT INTO public.partidos VALUES (548, '2024-12-08 14:00:00', 6, 16, 0, 3, 'Finalizado', 16);
INSERT INTO public.partidos VALUES (549, '2024-12-08 16:15:00', 3, 20, 2, 0, 'Finalizado', 16);
INSERT INTO public.partidos VALUES (550, '2024-12-08 18:30:00', 5, 7, 2, 2, 'Finalizado', 16);
INSERT INTO public.partidos VALUES (551, '2024-12-08 21:00:00', 4, 1, 4, 3, 'Finalizado', 16);
INSERT INTO public.partidos VALUES (552, '2024-12-09 18:30:00', 8, 12, 1, 0, 'Finalizado', 16);
INSERT INTO public.partidos VALUES (553, '2024-12-13 18:30:00', 17, 19, 1, 0, 'Finalizado', 17);
INSERT INTO public.partidos VALUES (554, '2024-12-13 21:00:00', 12, 5, 0, 0, 'Finalizado', 17);
INSERT INTO public.partidos VALUES (555, '2024-12-14 16:00:00', 13, 9, 2, 1, 'Finalizado', 17);
INSERT INTO public.partidos VALUES (556, '2024-12-14 18:30:00', 1, 11, 1, 0, 'Finalizado', 17);
INSERT INTO public.partidos VALUES (557, '2024-12-14 21:00:00', 10, 15, 3, 3, 'Finalizado', 17);
INSERT INTO public.partidos VALUES (558, '2024-12-15 14:00:00', 4, 8, 1, 0, 'Finalizado', 17);
INSERT INTO public.partidos VALUES (559, '2024-12-15 16:15:00', 7, 3, 1, 1, 'Finalizado', 17);
INSERT INTO public.partidos VALUES (560, '2024-12-15 18:30:00', 16, 18, 0, 0, 'Finalizado', 17);
INSERT INTO public.partidos VALUES (561, '2024-12-15 21:00:00', 20, 14, 1, 2, 'Finalizado', 17);
INSERT INTO public.partidos VALUES (562, '2024-12-15 21:00:00', 2, 6, 0, 1, 'Finalizado', 17);
INSERT INTO public.partidos VALUES (563, '2024-12-20 18:30:00', 9, 17, 3, 0, 'Finalizado', 18);
INSERT INTO public.partidos VALUES (564, '2024-12-20 21:00:00', 8, 13, 0, 1, 'Finalizado', 18);
INSERT INTO public.partidos VALUES (565, '2024-12-21 16:15:00', 11, 16, 2, 0, 'Finalizado', 18);
INSERT INTO public.partidos VALUES (566, '2024-12-21 18:30:00', 5, 3, 1, 2, 'Finalizado', 18);
INSERT INTO public.partidos VALUES (567, '2024-12-21 21:00:00', 2, 4, 1, 2, 'Finalizado', 18);
INSERT INTO public.partidos VALUES (568, '2024-12-22 14:00:00', 19, 7, 2, 2, 'Finalizado', 18);
INSERT INTO public.partidos VALUES (569, '2024-12-22 16:15:00', 15, 1, 4, 2, 'Finalizado', 18);
INSERT INTO public.partidos VALUES (570, '2024-12-22 18:30:00', 18, 12, 1, 0, 'Finalizado', 18);
INSERT INTO public.partidos VALUES (571, '2024-12-22 21:00:00', 6, 20, 2, 5, 'Finalizado', 18);
INSERT INTO public.partidos VALUES (572, '2024-12-22 21:00:00', 14, 10, 1, 1, 'Finalizado', 18);
INSERT INTO public.partidos VALUES (573, '2024-12-26 18:30:00', 13, 2, 1, 5, 'Finalizado', 19);
INSERT INTO public.partidos VALUES (574, '2024-12-26 21:00:00', 3, 15, 2, 1, 'Finalizado', 19);
INSERT INTO public.partidos VALUES (575, '2024-12-27 16:15:00', 10, 11, 2, 1, 'Finalizado', 19);
INSERT INTO public.partidos VALUES (576, '2024-12-27 18:30:00', 7, 9, 0, 1, 'Finalizado', 19);
INSERT INTO public.partidos VALUES (577, '2024-12-27 21:00:00', 17, 14, 1, 0, 'Finalizado', 19);
INSERT INTO public.partidos VALUES (578, '2024-12-28 14:00:00', 12, 6, 1, 1, 'Finalizado', 19);
INSERT INTO public.partidos VALUES (579, '2024-12-28 16:15:00', 1, 19, 1, 1, 'Finalizado', 19);
INSERT INTO public.partidos VALUES (580, '2024-12-28 18:30:00', 18, 8, 1, 2, 'Finalizado', 19);
INSERT INTO public.partidos VALUES (581, '2024-12-28 21:00:00', 4, 5, 1, 0, 'Finalizado', 19);
INSERT INTO public.partidos VALUES (582, '2024-12-28 21:00:00', 16, 20, 1, 0, 'Finalizado', 19);
INSERT INTO public.partidos VALUES (583, '2025-01-17 18:30:00', 12, 17, 2, 1, 'Finalizado', 20);
INSERT INTO public.partidos VALUES (584, '2025-01-17 21:00:00', 9, 1, 1, 2, 'Finalizado', 20);
INSERT INTO public.partidos VALUES (585, '2025-01-18 16:15:00', 6, 4, 1, 0, 'Finalizado', 20);
INSERT INTO public.partidos VALUES (586, '2025-01-18 18:30:00', 14, 7, 1, 3, 'Finalizado', 20);
INSERT INTO public.partidos VALUES (587, '2025-01-18 21:00:00', 8, 2, 1, 1, 'Finalizado', 20);
INSERT INTO public.partidos VALUES (588, '2025-01-19 14:00:00', 11, 3, 1, 2, 'Finalizado', 20);
INSERT INTO public.partidos VALUES (589, '2025-01-19 16:15:00', 15, 18, 4, 1, 'Finalizado', 20);
INSERT INTO public.partidos VALUES (590, '2025-01-19 18:30:00', 5, 10, 1, 1, 'Finalizado', 20);
INSERT INTO public.partidos VALUES (591, '2025-01-19 21:00:00', 19, 16, 1, 0, 'Finalizado', 20);
INSERT INTO public.partidos VALUES (592, '2025-01-20 21:00:00', 20, 13, 4, 0, 'Finalizado', 20);
INSERT INTO public.partidos VALUES (593, '2025-01-24 18:30:00', 18, 5, 1, 1, 'Finalizado', 21);
INSERT INTO public.partidos VALUES (594, '2025-01-24 21:00:00', 13, 14, 0, 1, 'Finalizado', 21);
INSERT INTO public.partidos VALUES (595, '2025-01-25 16:15:00', 4, 20, 1, 1, 'Finalizado', 21);
INSERT INTO public.partidos VALUES (596, '2025-01-25 18:30:00', 1, 12, 1, 1, 'Finalizado', 21);
INSERT INTO public.partidos VALUES (597, '2025-01-25 21:00:00', 17, 15, 0, 3, 'Finalizado', 21);
INSERT INTO public.partidos VALUES (598, '2025-01-26 14:00:00', 10, 9, 2, 1, 'Finalizado', 21);
INSERT INTO public.partidos VALUES (599, '2025-01-26 16:15:00', 16, 8, 0, 3, 'Finalizado', 21);
INSERT INTO public.partidos VALUES (600, '2025-01-26 18:30:00', 3, 6, 0, 0, 'Finalizado', 21);
INSERT INTO public.partidos VALUES (601, '2025-01-26 21:00:00', 2, 19, 7, 1, 'Finalizado', 21);
INSERT INTO public.partidos VALUES (602, '2025-01-27 21:00:00', 7, 11, 1, 1, 'Finalizado', 21);
INSERT INTO public.partidos VALUES (603, '2025-01-31 16:15:00', 6, 10, 0, 1, 'Finalizado', 22);
INSERT INTO public.partidos VALUES (604, '2025-01-31 18:30:00', 8, 1, 0, 0, 'Finalizado', 22);
INSERT INTO public.partidos VALUES (605, '2025-02-01 21:00:00', 20, 17, 5, 1, 'Finalizado', 22);
INSERT INTO public.partidos VALUES (606, '2025-02-02 14:00:00', 4, 13, 2, 0, 'Finalizado', 22);
INSERT INTO public.partidos VALUES (607, '2025-02-02 16:15:00', 12, 15, 1, 0, 'Finalizado', 22);
INSERT INTO public.partidos VALUES (608, '2025-02-02 18:30:00', 2, 7, 1, 0, 'Finalizado', 22);
INSERT INTO public.partidos VALUES (609, '2025-02-02 21:00:00', 19, 11, 2, 1, 'Finalizado', 22);
INSERT INTO public.partidos VALUES (610, '2025-02-03 14:00:00', 5, 16, 2, 1, 'Finalizado', 22);
INSERT INTO public.partidos VALUES (611, '2025-02-03 16:15:00', 14, 3, 2, 2, 'Finalizado', 22);
INSERT INTO public.partidos VALUES (612, '2025-02-03 18:30:00', 9, 18, 2, 1, 'Finalizado', 22);
INSERT INTO public.partidos VALUES (613, '2025-02-07 16:15:00', 10, 17, 1, 0, 'Finalizado', 23);
INSERT INTO public.partidos VALUES (614, '2025-02-07 18:30:00', 11, 14, 3, 2, 'Finalizado', 23);
INSERT INTO public.partidos VALUES (615, '2025-02-08 21:00:00', 3, 9, 3, 0, 'Finalizado', 23);
INSERT INTO public.partidos VALUES (616, '2025-02-09 14:00:00', 18, 20, 1, 2, 'Finalizado', 23);
INSERT INTO public.partidos VALUES (617, '2025-02-09 16:15:00', 15, 4, 1, 1, 'Finalizado', 23);
INSERT INTO public.partidos VALUES (618, '2025-02-09 18:30:00', 7, 8, 0, 1, 'Finalizado', 23);
INSERT INTO public.partidos VALUES (619, '2025-02-09 21:00:00', 19, 6, 2, 0, 'Finalizado', 23);
INSERT INTO public.partidos VALUES (620, '2025-02-10 14:00:00', 16, 12, 2, 1, 'Finalizado', 23);
INSERT INTO public.partidos VALUES (621, '2025-02-10 16:15:00', 1, 2, 1, 4, 'Finalizado', 23);
INSERT INTO public.partidos VALUES (622, '2025-02-10 18:30:00', 13, 5, 1, 1, 'Finalizado', 23);
INSERT INTO public.partidos VALUES (623, '2025-02-14 00:00:00', 9, 8, 1, 2, 'Finalizado', 24);
INSERT INTO public.partidos VALUES (624, '2025-02-14 00:00:00', 6, 7, 3, 3, 'Finalizado', 24);
INSERT INTO public.partidos VALUES (625, '2025-02-15 00:00:00', 5, 15, 1, 1, 'Finalizado', 24);
INSERT INTO public.partidos VALUES (626, '2025-02-15 00:00:00', 4, 11, 1, 1, 'Finalizado', 24);
INSERT INTO public.partidos VALUES (627, '2025-02-15 00:00:00', 20, 19, 1, 1, 'Finalizado', 24);
INSERT INTO public.partidos VALUES (628, '2025-02-15 00:00:00', 12, 3, 1, 1, 'Finalizado', 24);
INSERT INTO public.partidos VALUES (629, '2025-02-16 00:00:00', 17, 1, 0, 4, 'Finalizado', 24);
INSERT INTO public.partidos VALUES (630, '2025-02-16 00:00:00', 13, 18, 3, 1, 'Finalizado', 24);
INSERT INTO public.partidos VALUES (631, '2025-02-17 00:00:00', 14, 16, 3, 0, 'Finalizado', 24);
INSERT INTO public.partidos VALUES (632, '2025-02-17 00:00:00', 2, 10, 1, 0, 'Finalizado', 24);
INSERT INTO public.partidos VALUES (633, '2025-02-21 00:00:00', 11, 5, 1, 0, 'Finalizado', 25);
INSERT INTO public.partidos VALUES (634, '2025-02-21 00:00:00', 7, 12, 0, 1, 'Finalizado', 25);
INSERT INTO public.partidos VALUES (635, '2025-02-22 00:00:00', 10, 20, 0, 1, 'Finalizado', 25);
INSERT INTO public.partidos VALUES (636, '2025-02-22 00:00:00', 19, 4, 0, 3, 'Finalizado', 25);
INSERT INTO public.partidos VALUES (637, '2025-02-22 00:00:00', 18, 2, 0, 2, 'Finalizado', 25);
INSERT INTO public.partidos VALUES (638, '2025-02-22 00:00:00', 3, 17, 7, 1, 'Finalizado', 25);
INSERT INTO public.partidos VALUES (639, '2025-02-23 00:00:00', 15, 9, 2, 0, 'Finalizado', 25);
INSERT INTO public.partidos VALUES (640, '2025-02-23 00:00:00', 8, 14, 1, 2, 'Finalizado', 25);
INSERT INTO public.partidos VALUES (641, '2025-02-23 00:00:00', 16, 6, 3, 0, 'Finalizado', 25);
INSERT INTO public.partidos VALUES (642, '2025-02-24 00:00:00', 1, 13, 1, 1, 'Finalizado', 25);
INSERT INTO public.partidos VALUES (643, '2025-02-28 00:00:00', 17, 18, 1, 1, 'Finalizado', 26);
INSERT INTO public.partidos VALUES (644, '2025-02-28 00:00:00', 9, 11, 2, 2, 'Finalizado', 26);
INSERT INTO public.partidos VALUES (645, '2025-02-28 00:00:00', 10, 1, 1, 1, 'Finalizado', 26);
INSERT INTO public.partidos VALUES (646, '2025-02-28 00:00:00', 14, 15, 2, 1, 'Finalizado', 26);
INSERT INTO public.partidos VALUES (647, '2025-02-28 00:00:00', 4, 3, 1, 0, 'Finalizado', 26);
INSERT INTO public.partidos VALUES (648, '2025-02-28 00:00:00', 6, 8, 1, 0, 'Finalizado', 26);
INSERT INTO public.partidos VALUES (649, '2025-02-28 00:00:00', 2, 16, 4, 0, 'Finalizado', 26);
INSERT INTO public.partidos VALUES (650, '2025-02-28 00:00:00', 13, 7, 1, 1, 'Finalizado', 26);
INSERT INTO public.partidos VALUES (651, '2025-02-28 00:00:00', 5, 19, 3, 3, 'Finalizado', 26);
INSERT INTO public.partidos VALUES (652, '2025-02-28 00:00:00', 20, 12, 1, 0, 'Finalizado', 26);
INSERT INTO public.partidos VALUES (653, '2025-03-08 00:00:00', 11, 6, 2, 1, 'Finalizado', 27);
INSERT INTO public.partidos VALUES (654, '2025-03-08 00:00:00', 7, 20, 1, 0, 'Finalizado', 27);
INSERT INTO public.partidos VALUES (655, '2025-03-08 00:00:00', 19, 17, 2, 1, 'Finalizado', 27);
INSERT INTO public.partidos VALUES (656, '2025-03-08 00:00:00', 8, 4, 2, 1, 'Finalizado', 27);
INSERT INTO public.partidos VALUES (657, '2025-03-08 00:00:00', 15, 10, 2, 1, 'Finalizado', 27);
INSERT INTO public.partidos VALUES (658, '2025-03-08 00:00:00', 3, 13, 1, 1, 'Finalizado', 27);
INSERT INTO public.partidos VALUES (659, '2025-03-08 00:00:00', 14, 18, 1, 0, 'Finalizado', 27);
INSERT INTO public.partidos VALUES (660, '2025-03-08 00:00:00', 16, 1, 0, 1, 'Finalizado', 27);
INSERT INTO public.partidos VALUES (661, '2025-03-08 00:00:00', 12, 9, 1, 1, 'Finalizado', 27);
INSERT INTO public.partidos VALUES (662, '2025-03-08 00:00:00', 2, 5, 3, 0, 'Finalizado', 27);
INSERT INTO public.partidos VALUES (663, '2025-03-14 00:00:00', 18, 7, 2, 2, 'Finalizado', 28);
INSERT INTO public.partidos VALUES (664, '2025-03-14 00:00:00', 17, 11, 0, 1, 'Finalizado', 28);
INSERT INTO public.partidos VALUES (665, '2025-03-14 00:00:00', 13, 12, 2, 1, 'Finalizado', 28);
INSERT INTO public.partidos VALUES (666, '2025-03-14 00:00:00', 20, 15, 1, 2, 'Finalizado', 28);
INSERT INTO public.partidos VALUES (667, '2025-03-14 00:00:00', 9, 19, 1, 1, 'Finalizado', 28);
INSERT INTO public.partidos VALUES (668, '2025-03-14 00:00:00', 6, 14, 2, 3, 'Finalizado', 28);
INSERT INTO public.partidos VALUES (669, '2025-03-14 00:00:00', 1, 3, 0, 1, 'Finalizado', 28);
INSERT INTO public.partidos VALUES (670, '2025-03-14 00:00:00', 10, 16, 2, 2, 'Finalizado', 28);
INSERT INTO public.partidos VALUES (671, '2025-03-14 00:00:00', 5, 8, 1, 2, 'Finalizado', 28);
INSERT INTO public.partidos VALUES (672, '2025-03-14 00:00:00', 4, 2, 2, 4, 'Finalizado', 28);
INSERT INTO public.partidos VALUES (673, '2025-03-29 00:00:00', 16, 17, 2, 1, 'Finalizado', 29);
INSERT INTO public.partidos VALUES (674, '2025-03-29 00:00:00', 12, 4, 1, 1, 'Finalizado', 29);
INSERT INTO public.partidos VALUES (675, '2025-03-29 00:00:00', 7, 10, 0, 2, 'Finalizado', 29);
INSERT INTO public.partidos VALUES (676, '2025-03-29 00:00:00', 15, 6, 3, 2, 'Finalizado', 29);
INSERT INTO public.partidos VALUES (677, '2025-03-29 00:00:00', 8, 20, 1, 2, 'Finalizado', 29);
INSERT INTO public.partidos VALUES (678, '2025-03-29 00:00:00', 2, 9, 4, 1, 'Finalizado', 29);
INSERT INTO public.partidos VALUES (679, '2025-03-29 00:00:00', 19, 13, 1, 0, 'Finalizado', 29);
INSERT INTO public.partidos VALUES (680, '2025-03-29 00:00:00', 3, 5, 0, 0, 'Finalizado', 29);
INSERT INTO public.partidos VALUES (681, '2025-03-29 00:00:00', 14, 1, 2, 1, 'Finalizado', 29);
INSERT INTO public.partidos VALUES (682, '2025-03-29 00:00:00', 11, 18, 1, 1, 'Finalizado', 29);
INSERT INTO public.partidos VALUES (683, '2025-04-04 00:00:00', 10, 12, 0, 4, 'Finalizado', 30);
INSERT INTO public.partidos VALUES (684, '2025-04-04 00:00:00', 9, 7, 0, 1, 'Finalizado', 30);
INSERT INTO public.partidos VALUES (685, '2025-04-05 00:00:00', 15, 19, 1, 2, 'Finalizado', 30);
INSERT INTO public.partidos VALUES (686, '2025-04-05 00:00:00', 13, 11, 1, 2, 'Finalizado', 30);
INSERT INTO public.partidos VALUES (687, '2025-04-05 00:00:00', 2, 14, 1, 1, 'Finalizado', 30);
INSERT INTO public.partidos VALUES (688, '2025-04-06 00:00:00', 18, 16, 1, 3, 'Finalizado', 30);
INSERT INTO public.partidos VALUES (689, '2025-04-06 00:00:00', 1, 4, 1, 2, 'Finalizado', 30);
INSERT INTO public.partidos VALUES (690, '2025-04-06 00:00:00', 17, 8, 0, 4, 'Finalizado', 30);
INSERT INTO public.partidos VALUES (691, '2025-04-07 00:00:00', 20, 3, 0, 0, 'Finalizado', 30);
INSERT INTO public.partidos VALUES (692, '2025-04-07 00:00:00', 6, 5, 1, 1, 'Finalizado', 30);
INSERT INTO public.partidos VALUES (693, '2025-04-11 00:00:00', 19, 1, 1, 0, 'Finalizado', 31);
INSERT INTO public.partidos VALUES (694, '2025-04-11 00:00:00', 16, 13, 0, 2, 'Finalizado', 31);
INSERT INTO public.partidos VALUES (695, '2025-04-12 00:00:00', 8, 18, 1, 3, 'Finalizado', 31);
INSERT INTO public.partidos VALUES (696, '2025-04-12 00:00:00', 11, 12, 0, 2, 'Finalizado', 31);
INSERT INTO public.partidos VALUES (697, '2025-04-12 00:00:00', 6, 2, 0, 1, 'Finalizado', 31);
INSERT INTO public.partidos VALUES (698, '2025-04-13 00:00:00', 5, 9, 2, 1, 'Finalizado', 31);
INSERT INTO public.partidos VALUES (699, '2025-04-13 00:00:00', 7, 15, 0, 1, 'Finalizado', 31);
INSERT INTO public.partidos VALUES (700, '2025-04-14 00:00:00', 14, 20, 1, 2, 'Finalizado', 31);
INSERT INTO public.partidos VALUES (701, '2025-04-14 00:00:00', 3, 10, 3, 1, 'Finalizado', 31);
INSERT INTO public.partidos VALUES (702, '2025-04-14 00:00:00', 4, 17, 4, 2, 'Finalizado', 31);
INSERT INTO public.partidos VALUES (703, '2025-04-18 00:00:00', 12, 8, 1, 0, 'Finalizado', 32);
INSERT INTO public.partidos VALUES (704, '2025-04-19 00:00:00', 10, 19, 1, 1, 'Finalizado', 32);
INSERT INTO public.partidos VALUES (705, '2025-04-19 00:00:00', 2, 11, 4, 3, 'Finalizado', 32);
INSERT INTO public.partidos VALUES (706, '2025-04-20 00:00:00', 13, 6, 0, 0, 'Finalizado', 32);
INSERT INTO public.partidos VALUES (707, '2025-04-20 00:00:00', 18, 4, 1, 0, 'Finalizado', 32);
INSERT INTO public.partidos VALUES (708, '2025-04-20 00:00:00', 17, 5, 2, 3, 'Finalizado', 32);
INSERT INTO public.partidos VALUES (709, '2025-04-21 00:00:00', 20, 16, 2, 2, 'Finalizado', 32);
INSERT INTO public.partidos VALUES (710, '2025-04-21 00:00:00', 1, 7, 1, 1, 'Finalizado', 32);
INSERT INTO public.partidos VALUES (711, '2025-04-21 00:00:00', 15, 3, 1, 0, 'Finalizado', 32);
INSERT INTO public.partidos VALUES (712, '2025-04-21 00:00:00', 9, 14, 1, 3, 'Finalizado', 32);
INSERT INTO public.partidos VALUES (713, '2025-04-22 00:00:00', 19, 12, 1, 1, 'Finalizado', 33);
INSERT INTO public.partidos VALUES (714, '2025-04-22 00:00:00', 2, 13, 1, 0, 'Finalizado', 33);
INSERT INTO public.partidos VALUES (715, '2025-04-22 00:00:00', 3, 18, 1, 0, 'Finalizado', 33);
INSERT INTO public.partidos VALUES (716, '2025-04-23 00:00:00', 11, 20, 3, 0, 'Finalizado', 33);
INSERT INTO public.partidos VALUES (717, '2025-04-23 00:00:00', 8, 15, 0, 1, 'Finalizado', 33);
INSERT INTO public.partidos VALUES (718, '2025-04-23 00:00:00', 7, 16, 1, 0, 'Finalizado', 33);
INSERT INTO public.partidos VALUES (719, '2025-04-24 00:00:00', 5, 1, 1, 0, 'Finalizado', 33);
INSERT INTO public.partidos VALUES (720, '2025-04-24 00:00:00', 6, 9, 1, 1, 'Finalizado', 33);
INSERT INTO public.partidos VALUES (721, '2025-04-24 00:00:00', 14, 17, 5, 1, 'Finalizado', 33);
INSERT INTO public.partidos VALUES (722, '2025-04-24 00:00:00', 4, 10, 3, 0, 'Finalizado', 33);
INSERT INTO public.partidos VALUES (723, '2025-05-02 00:00:00', 10, 8, 1, 0, 'Finalizado', 34);
INSERT INTO public.partidos VALUES (724, '2025-05-02 00:00:00', 7, 4, 0, 0, 'Finalizado', 34);
INSERT INTO public.partidos VALUES (725, '2025-05-03 00:00:00', 20, 5, 4, 2, 'Finalizado', 34);
INSERT INTO public.partidos VALUES (726, '2025-05-03 00:00:00', 18, 19, 2, 3, 'Finalizado', 34);
INSERT INTO public.partidos VALUES (727, '2025-05-04 00:00:00', 17, 2, 1, 2, 'Finalizado', 34);
INSERT INTO public.partidos VALUES (728, '2025-05-04 00:00:00', 15, 11, 3, 2, 'Finalizado', 34);
INSERT INTO public.partidos VALUES (729, '2025-05-05 00:00:00', 1, 6, 2, 2, 'Finalizado', 34);
INSERT INTO public.partidos VALUES (730, '2025-05-05 00:00:00', 12, 14, 1, 2, 'Finalizado', 34);
INSERT INTO public.partidos VALUES (731, '2025-05-05 00:00:00', 16, 3, 0, 0, 'Finalizado', 34);
INSERT INTO public.partidos VALUES (732, '2025-05-05 00:00:00', 9, 13, 1, 0, 'Finalizado', 34);
INSERT INTO public.partidos VALUES (733, '2025-05-09 00:00:00', 18, 10, 0, 1, 'Finalizado', 35);
INSERT INTO public.partidos VALUES (734, '2025-05-09 00:00:00', 19, 8, 3, 0, 'Finalizado', 35);
INSERT INTO public.partidos VALUES (735, '2025-05-09 00:00:00', 11, 1, 3, 2, 'Finalizado', 35);
INSERT INTO public.partidos VALUES (736, '2025-05-09 00:00:00', 9, 20, 0, 1, 'Finalizado', 35);
INSERT INTO public.partidos VALUES (737, '2025-05-10 00:00:00', 13, 17, 2, 1, 'Finalizado', 35);
INSERT INTO public.partidos VALUES (738, '2025-05-10 00:00:00', 4, 16, 4, 0, 'Finalizado', 35);
INSERT INTO public.partidos VALUES (739, '2025-05-10 00:00:00', 6, 12, 3, 2, 'Finalizado', 35);
INSERT INTO public.partidos VALUES (740, '2025-05-11 00:00:00', 2, 15, 4, 3, 'Finalizado', 35);
INSERT INTO public.partidos VALUES (741, '2025-05-11 00:00:00', 3, 7, 1, 0, 'Finalizado', 35);
INSERT INTO public.partidos VALUES (742, '2025-05-11 00:00:00', 14, 5, 1, 1, 'Finalizado', 35);
INSERT INTO public.partidos VALUES (743, '2025-05-13 00:00:00', 17, 9, 0, 1, 'Finalizado', 36);
INSERT INTO public.partidos VALUES (744, '2025-05-13 00:00:00', 16, 11, 0, 1, 'Finalizado', 36);
INSERT INTO public.partidos VALUES (745, '2025-05-13 00:00:00', 1, 18, 1, 0, 'Finalizado', 36);
INSERT INTO public.partidos VALUES (746, '2025-05-14 00:00:00', 20, 6, 3, 0, 'Finalizado', 36);
INSERT INTO public.partidos VALUES (747, '2025-05-14 00:00:00', 7, 19, 1, 0, 'Finalizado', 36);
INSERT INTO public.partidos VALUES (748, '2025-05-14 00:00:00', 15, 13, 2, 1, 'Finalizado', 36);
INSERT INTO public.partidos VALUES (749, '2025-05-15 00:00:00', 5, 4, 2, 0, 'Finalizado', 36);
INSERT INTO public.partidos VALUES (750, '2025-05-15 00:00:00', 10, 14, 2, 2, 'Finalizado', 36);
INSERT INTO public.partidos VALUES (751, '2025-05-15 00:00:00', 12, 2, 0, 2, 'Finalizado', 36);
INSERT INTO public.partidos VALUES (752, '2025-05-15 00:00:00', 8, 3, 0, 2, 'Finalizado', 36);
INSERT INTO public.partidos VALUES (753, '2025-05-18 00:00:00', 1, 15, 0, 2, 'Finalizado', 37);
INSERT INTO public.partidos VALUES (754, '2025-05-18 00:00:00', 4, 14, 4, 1, 'Finalizado', 37);
INSERT INTO public.partidos VALUES (755, '2025-05-18 00:00:00', 13, 8, 1, 2, 'Finalizado', 37);
INSERT INTO public.partidos VALUES (756, '2025-05-18 00:00:00', 5, 12, 2, 0, 'Finalizado', 37);
INSERT INTO public.partidos VALUES (757, '2025-05-18 00:00:00', 19, 3, 0, 1, 'Finalizado', 37);
INSERT INTO public.partidos VALUES (758, '2025-05-18 00:00:00', 11, 10, 1, 2, 'Finalizado', 37);
INSERT INTO public.partidos VALUES (759, '2025-05-18 00:00:00', 17, 7, 0, 1, 'Finalizado', 37);
INSERT INTO public.partidos VALUES (760, '2025-05-18 00:00:00', 16, 9, 3, 2, 'Finalizado', 37);
INSERT INTO public.partidos VALUES (761, '2025-05-18 00:00:00', 2, 20, 2, 3, 'Finalizado', 37);
INSERT INTO public.partidos VALUES (762, '2025-05-18 00:00:00', 18, 6, 0, 1, 'Finalizado', 37);
INSERT INTO public.partidos VALUES (763, '2025-05-23 00:00:00', 14, 19, 1, 1, 'Finalizado', 38);
INSERT INTO public.partidos VALUES (764, '2025-05-23 00:00:00', 15, 16, 2, 0, 'Finalizado', 38);
INSERT INTO public.partidos VALUES (765, '2025-05-23 00:00:00', 6, 17, 3, 0, 'Finalizado', 38);
INSERT INTO public.partidos VALUES (766, '2025-05-23 00:00:00', 12, 18, 2, 0, 'Finalizado', 38);
INSERT INTO public.partidos VALUES (767, '2025-05-23 00:00:00', 10, 13, 0, 0, 'Finalizado', 38);
INSERT INTO public.partidos VALUES (768, '2025-05-23 00:00:00', 8, 11, 1, 2, 'Finalizado', 38);
INSERT INTO public.partidos VALUES (769, '2025-05-23 00:00:00', 7, 5, 1, 1, 'Finalizado', 38);
INSERT INTO public.partidos VALUES (770, '2025-05-23 00:00:00', 9, 4, 0, 4, 'Finalizado', 38);
INSERT INTO public.partidos VALUES (771, '2025-05-23 00:00:00', 20, 1, 4, 2, 'Finalizado', 38);
INSERT INTO public.partidos VALUES (772, '2025-05-23 00:00:00', 3, 2, 0, 3, 'Finalizado', 38);
INSERT INTO public.partidos VALUES (1, '2024-08-15 22:00:00', 3, 8, 1, 1, 'Finalizado', 1);


--
-- TOC entry 3393 (class 0 OID 16463)
-- Dependencies: 222
-- Data for Name: users; Type: TABLE DATA; Schema: public; Owner: gestortorneofutbol_user
--

INSERT INTO public.users VALUES (2, 'Admin', 'admin@admin.com', '$2b$10$JrmBQA/V0Bupa4MDyhoX3uTewmZworZp/lA3ns/PS.4nIN.OKIWpW', 'user', 'https://i.imgur.com/czS5ew8.png');


--
-- TOC entry 3402 (class 0 OID 0)
-- Dependencies: 215
-- Name: equipos_idequipo_seq; Type: SEQUENCE SET; Schema: public; Owner: gestortorneofutbol_user
--

SELECT pg_catalog.setval('public.equipos_idequipo_seq', 22, true);


--
-- TOC entry 3403 (class 0 OID 0)
-- Dependencies: 217
-- Name: jugadores_idjugador_seq; Type: SEQUENCE SET; Schema: public; Owner: gestortorneofutbol_user
--

SELECT pg_catalog.setval('public.jugadores_idjugador_seq', 2, true);


--
-- TOC entry 3404 (class 0 OID 0)
-- Dependencies: 219
-- Name: partidos_idpartido_seq; Type: SEQUENCE SET; Schema: public; Owner: gestortorneofutbol_user
--

SELECT pg_catalog.setval('public.partidos_idpartido_seq', 1, true);


--
-- TOC entry 3405 (class 0 OID 0)
-- Dependencies: 221
-- Name: users_id_seq; Type: SEQUENCE SET; Schema: public; Owner: gestortorneofutbol_user
--

SELECT pg_catalog.setval('public.users_id_seq', 1, false);


--
-- TOC entry 3228 (class 2606 OID 16428)
-- Name: equipos equipos_pkey; Type: CONSTRAINT; Schema: public; Owner: gestortorneofutbol_user
--

ALTER TABLE ONLY public.equipos
    ADD CONSTRAINT equipos_pkey PRIMARY KEY (idequipo);


--
-- TOC entry 3231 (class 2606 OID 16434)
-- Name: jugadores jugadores_pkey; Type: CONSTRAINT; Schema: public; Owner: gestortorneofutbol_user
--

ALTER TABLE ONLY public.jugadores
    ADD CONSTRAINT jugadores_pkey PRIMARY KEY (idjugador);


--
-- TOC entry 3235 (class 2606 OID 16449)
-- Name: partidos partidos_pkey; Type: CONSTRAINT; Schema: public; Owner: gestortorneofutbol_user
--

ALTER TABLE ONLY public.partidos
    ADD CONSTRAINT partidos_pkey PRIMARY KEY (idpartido);


--
-- TOC entry 3237 (class 2606 OID 16471)
-- Name: users users_email_key; Type: CONSTRAINT; Schema: public; Owner: gestortorneofutbol_user
--

ALTER TABLE ONLY public.users
    ADD CONSTRAINT users_email_key UNIQUE (email);


--
-- TOC entry 3239 (class 2606 OID 16469)
-- Name: users users_pkey; Type: CONSTRAINT; Schema: public; Owner: gestortorneofutbol_user
--

ALTER TABLE ONLY public.users
    ADD CONSTRAINT users_pkey PRIMARY KEY (id);


--
-- TOC entry 3229 (class 1259 OID 16440)
-- Name: idx_jugadores_idequipo; Type: INDEX; Schema: public; Owner: gestortorneofutbol_user
--

CREATE INDEX idx_jugadores_idequipo ON public.jugadores USING btree (idequipo);


--
-- TOC entry 3232 (class 1259 OID 16460)
-- Name: idx_partidos_idequipolocal; Type: INDEX; Schema: public; Owner: gestortorneofutbol_user
--

CREATE INDEX idx_partidos_idequipolocal ON public.partidos USING btree (idequipolocal);


--
-- TOC entry 3233 (class 1259 OID 16461)
-- Name: idx_partidos_idequipovisitante; Type: INDEX; Schema: public; Owner: gestortorneofutbol_user
--

CREATE INDEX idx_partidos_idequipovisitante ON public.partidos USING btree (idequipovisitante);


--
-- TOC entry 3240 (class 2606 OID 16435)
-- Name: jugadores fk_jugadores_equipos; Type: FK CONSTRAINT; Schema: public; Owner: gestortorneofutbol_user
--

ALTER TABLE ONLY public.jugadores
    ADD CONSTRAINT fk_jugadores_equipos FOREIGN KEY (idequipo) REFERENCES public.equipos(idequipo) ON UPDATE CASCADE ON DELETE SET NULL;


--
-- TOC entry 3241 (class 2606 OID 16450)
-- Name: partidos fk_partidos_idequipolocal; Type: FK CONSTRAINT; Schema: public; Owner: gestortorneofutbol_user
--

ALTER TABLE ONLY public.partidos
    ADD CONSTRAINT fk_partidos_idequipolocal FOREIGN KEY (idequipolocal) REFERENCES public.equipos(idequipo);


--
-- TOC entry 3242 (class 2606 OID 16455)
-- Name: partidos fk_partidos_idequipovisitante; Type: FK CONSTRAINT; Schema: public; Owner: gestortorneofutbol_user
--

ALTER TABLE ONLY public.partidos
    ADD CONSTRAINT fk_partidos_idequipovisitante FOREIGN KEY (idequipovisitante) REFERENCES public.equipos(idequipo);


-- Completed on 2025-06-15 19:33:20

--
-- PostgreSQL database dump complete
--